{"is_source_file": false, "format": "", "description": "", "external_files": [], "external_methods": [], "published": [], "classes": [], "methods": [], "calls": [], "search-terms": [], "state": 2, "file_id": 12, "knowledge_revision": 23, "git_revision": "6b2a2b273ea58c7f01f7f509bc8a93c847f7a574", "hash": "d001d53c059625c4bcf75bf5a7f3fcf0", "format-version": 4, "code-base-name": "hotel_frontend", "filename": "hotel_frontend/package.json", "revision_history": [{"23": "6b2a2b273ea58c7f01f7f509bc8a93c847f7a574"}]}