{"is_source_file": true, "format": "JavaScript (React JSX)", "description": "This file is the entry point for a React-based frontend application. It initializes the React app by rendering the <App /> component into the DOM element with id 'root'.", "external_files": ["react", "react-dom/client", "./index.css", "./App"], "external_methods": ["ReactDOM.createRoot", "root.render"], "published": [], "classes": [], "methods": [{"name": "ReactDOM.createRoot", "description": "Creates a root to render a React component tree."}, {"name": "root.render", "description": "Renders the React component (<App />) into the DOM."}], "calls": ["ReactDOM.createRoot", "root.render"], "search-terms": ["React", "index.js", "ReactDOM", "render", "App component", "frontend entry point"], "state": 2, "file_id": 3, "knowledge_revision": 24, "git_revision": "6b2a2b273ea58c7f01f7f509bc8a93c847f7a574", "ctags": [{"_type": "tag", "name": "root", "path": "/home/kavia/workspace/code-generation/hotel-search-and-booking-platform-320145-320156/hotel_frontend/src/index.js", "pattern": "/^const root = ReactDOM.createRoot(document.getElementById('root'));$/", "language": "JavaScript", "kind": "constant"}], "hash": "9fc5841375336fc175b49f8767a11383", "format-version": 4, "code-base-name": "hotel_frontend", "filename": "hotel_frontend/src/index.js", "revision_history": [{"24": "6b2a2b273ea58c7f01f7f509bc8a93c847f7a574"}]}