{"is_source_file": false, "format": "", "description": "", "external_files": [], "external_methods": [], "published": [], "classes": [], "methods": [], "calls": [], "search-terms": [], "state": 2, "file_id": 6, "knowledge_revision": 22, "git_revision": "6b2a2b273ea58c7f01f7f509bc8a93c847f7a574", "ctags": [], "hash": "1a77571e1a8cf36018a41bcedf60db75", "format-version": 4, "code-base-name": "hotel_frontend", "filename": "hotel_frontend/src/setupTests.js", "revision_history": [{"22": "6b2a2b273ea58c7f01f7f509bc8a93c847f7a574"}]}