{"is_source_file": false, "format": "", "description": "", "external_files": [], "external_methods": [], "published": [], "classes": [], "methods": [], "calls": [], "search-terms": ["CSS Variables", "theme management", "light theme", "dark theme", "responsive design", "media queries", "CSS animations", "App component styles", "button styles", "toggle button"], "state": 2, "file_id": 7, "knowledge_revision": 19, "git_revision": "6b2a2b273ea58c7f01f7f509bc8a93c847f7a574", "hash": "22f9e17cc1848b56dbb244518ac2707e", "format-version": 4, "code-base-name": "hotel_frontend", "filename": "hotel_frontend/src/App.css", "revision_history": [{"19": "6b2a2b273ea58c7f01f7f509bc8a93c847f7a574"}]}