{"is_source_file": false, "format": "", "description": "", "external_files": [], "external_methods": [], "published": [], "classes": [], "methods": [], "calls": [], "search-terms": [], "state": 2, "file_id": 11, "knowledge_revision": 17, "git_revision": "6b2a2b273ea58c7f01f7f509bc8a93c847f7a574", "hash": "d2b40d02d5f7873d8a6713bad837edd4", "format-version": 4, "code-base-name": "hotel_frontend", "filename": "hotel_frontend/public/index.html", "revision_history": [{"17": "6b2a2b273ea58c7f01f7f509bc8a93c847f7a574"}]}