{"is_source_file": true, "format": "JavaScript (React JSX)", "description": "This file defines a React functional component 'App' which manages a theme toggle (light/dark) and renders a UI with a toggle button, logo, informational text, and a link. It utilizes React hooks 'useState' and 'useEffect' to handle theme state and side effects.", "external_files": ["./logo.svg", "./App.css"], "external_methods": ["React.useState", "React.useEffect", "document.documentElement.setAttribute"], "published": ["App"], "classes": [], "methods": [{"name": "App()", "description": "Main React functional component managing theme toggling and rendering UI", "scope": "", "scopeKind": ""}, {"name": "toggleTheme", "description": "Function to switch theme between 'light' and 'dark'"}], "calls": ["React.useState", "React.useEffect", "setTheme", "document.documentElement.setAttribute"], "search-terms": ["React", "Theme toggle", "useState", "useEffect", "UI component", "App.js"], "state": 2, "file_id": 8, "knowledge_revision": 25, "git_revision": "6b2a2b273ea58c7f01f7f509bc8a93c847f7a574", "ctags": [{"_type": "tag", "name": "App", "path": "/home/kavia/workspace/code-generation/hotel-search-and-booking-platform-320145-320156/hotel_frontend/src/App.js", "pattern": "/^function App() {$/", "language": "JavaScript", "kind": "function", "signature": "()"}, {"_type": "tag", "name": "Switch to ${theme === 'light' ? 'dark' : 'light'} mode", "path": "/home/kavia/workspace/code-generation/hotel-search-and-booking-platform-320145-320156/hotel_frontend/src/App.js", "pattern": "/^          aria-label={`Switch to ${theme === 'light' ? 'dark' : 'light'} mode`}$/", "language": "JavaScript", "kind": "field", "scope": "App.aria", "scopeKind": "class"}, {"_type": "tag", "name": "toggleTheme", "path": "/home/kavia/workspace/code-generation/hotel-search-and-booking-platform-320145-320156/hotel_frontend/src/App.js", "pattern": "/^          onClick={toggleTheme}$/", "language": "JavaScript", "kind": "field", "scope": "App.onClick", "scopeKind": "class"}], "hash": "b55dd9e6a018e59207d8e277dffd9e11", "format-version": 4, "code-base-name": "hotel_frontend", "filename": "hotel_frontend/src/App.js", "fields": [{"name": "aria-label={`Switch to ${theme === 'light' ? 'dark' : 'light'} mode`}", "scope": "App.aria", "scopeKind": "class", "description": "unavailable"}, {"name": "onClick={toggleTheme}", "scope": "App.onClick", "scopeKind": "class", "description": "unavailable"}], "revision_history": [{"25": "6b2a2b273ea58c7f01f7f509bc8a93c847f7a574"}]}