{"is_source_file": false, "format": "JSON", "description": "", "external_files": [], "external_methods": [], "published": [], "classes": [], "methods": [], "calls": [], "search-terms": [], "state": 2, "file_id": 10, "knowledge_revision": 20, "git_revision": "6b2a2b273ea58c7f01f7f509bc8a93c847f7a574", "hash": "d9d975cebe2ec20b6c652e1e4c12ccf0", "format-version": 4, "code-base-name": "hotel_frontend", "filename": "hotel_frontend/public/manifest.json", "revision_history": [{"20": "6b2a2b273ea58c7f01f7f509bc8a93c847f7a574"}]}