{"is_source_file": true, "file_id": 16, "git_revision": "", "state": 1, "description": "", "external_files": [], "external_methods": [], "published": [], "classes": [], "methods": [], "calls": [], "search-terms": [], "ctags": [{"_type": "tag", "name": "BookingModal", "path": "/home/kavia/workspace/code-generation/hotel-search-and-booking-platform-320145-320156/hotel_frontend/src/components/BookingModal.js", "pattern": "/^export function BookingModal({ open, onClose, hotel, initialSearch }) {$/", "language": "JavaScript", "kind": "function", "signature": "({ open, onClose, hotel, initialSearch })"}, {"_type": "tag", "name": "name || \"hotel\"}", "path": "/home/kavia/workspace/code-generation/hotel-search-and-booking-platform-320145-320156/hotel_frontend/src/components/BookingModal.js", "pattern": "/^        aria-label={`Book ${hotel?.name || \"hotel\"}`}$/", "language": "JavaScript", "kind": "field", "scope": "BookingModal.aria.Book ${hotel?", "scopeKind": "class"}, {"_type": "tag", "name": "nightsBetween", "path": "/home/kavia/workspace/code-generation/hotel-search-and-booking-platform-320145-320156/hotel_frontend/src/components/BookingModal.js", "pattern": "/^function nightsBetween(checkIn, checkOut) {$/", "language": "JavaScript", "kind": "function", "signature": "(checkIn, checkOut)"}, {"_type": "tag", "name": "onSubmit", "path": "/home/kavia/workspace/code-generation/hotel-search-and-booking-platform-320145-320156/hotel_frontend/src/components/BookingModal.js", "pattern": "/^  async function onSubmit(e) {$/", "language": "JavaScript", "kind": "function", "signature": "(e)", "scope": "BookingModal", "scopeKind": "function"}], "format": "JavaScript", "hash": "9c87e648633ce2799de7073ca325fd17", "format-version": 4, "code-base-name": "hotel_frontend", "filename": "hotel_frontend/src/components/BookingModal.js", "knowledge_revision": 29}