{"is_source_file": true, "file_id": 13, "git_revision": "", "state": 1, "description": "", "external_files": [], "external_methods": [], "published": [], "classes": [], "methods": [], "calls": [], "search-terms": [], "ctags": [{"_type": "tag", "name": "DEFAULT_BASE_URL", "path": "/home/kavia/workspace/code-generation/hotel-search-and-booking-platform-320145-320156/hotel_frontend/src/api/client.js", "pattern": "/^const DEFAULT_BASE_URL = process.env.REACT_APP_API_BASE_URL || \"\";$/", "language": "JavaScript", "kind": "constant"}, {"_type": "tag", "name": "MOCK_HOTELS", "path": "/home/kavia/workspace/code-generation/hotel-search-and-booking-platform-320145-320156/hotel_frontend/src/api/client.js", "pattern": "/^const MOCK_HOTELS = [$/", "language": "JavaScript", "kind": "constant"}, {"_type": "tag", "name": "buildUrl", "path": "/home/kavia/workspace/code-generation/hotel-search-and-booking-platform-320145-320156/hotel_frontend/src/api/client.js", "pattern": "/^function buildUrl(path, params) {$/", "language": "JavaScript", "kind": "function", "signature": "(path, params)"}, {"_type": "tag", "name": "createBooking", "path": "/home/kavia/workspace/code-generation/hotel-search-and-booking-platform-320145-320156/hotel_frontend/src/api/client.js", "pattern": "/^export async function createBooking(payload) {$/", "language": "JavaScript", "kind": "function", "signature": "(payload)"}, {"_type": "tag", "name": "filterMockHotels", "path": "/home/kavia/workspace/code-generation/hotel-search-and-booking-platform-320145-320156/hotel_frontend/src/api/client.js", "pattern": "/^function filterMockHotels(filters) {$/", "language": "JavaScript", "kind": "function", "signature": "(filters)"}, {"_type": "tag", "name": "getHotelById", "path": "/home/kavia/workspace/code-generation/hotel-search-and-booking-platform-320145-320156/hotel_frontend/src/api/client.js", "pattern": "/^export async function getHotelById(hotelId) {$/", "language": "JavaScript", "kind": "function", "signature": "(hotelId)"}, {"_type": "tag", "name": "healthCheck", "path": "/home/kavia/workspace/code-generation/hotel-search-and-booking-platform-320145-320156/hotel_frontend/src/api/client.js", "pattern": "/^export async function healthCheck() {$/", "language": "JavaScript", "kind": "function", "signature": "()"}, {"_type": "tag", "name": "safeJson", "path": "/home/kavia/workspace/code-generation/hotel-search-and-booking-platform-320145-320156/hotel_frontend/src/api/client.js", "pattern": "/^async function safeJson(res) {$/", "language": "JavaScript", "kind": "function", "signature": "(res)"}, {"_type": "tag", "name": "searchHotels", "path": "/home/kavia/workspace/code-generation/hotel-search-and-booking-platform-320145-320156/hotel_frontend/src/api/client.js", "pattern": "/^export async function searchHotels(filters) {$/", "language": "JavaScript", "kind": "function", "signature": "(filters)"}], "format": "JavaScript", "hash": "a8407b35da92325d09ac0126326b5009", "format-version": 4, "code-base-name": "hotel_frontend", "filename": "hotel_frontend/src/api/client.js", "knowledge_revision": 26}