{"is_source_file": false, "format": "", "description": "", "external_files": [], "external_methods": [], "published": [], "classes": [], "methods": [], "calls": [], "search-terms": [], "state": 2, "file_id": 5, "knowledge_revision": 16, "git_revision": "6b2a2b273ea58c7f01f7f509bc8a93c847f7a574", "hash": "6c2104b8d219ed99234ae2d6329f4357", "format-version": 4, "code-base-name": "hotel_frontend", "filename": "hotel_frontend/src/index.css", "revision_history": [{"16": "6b2a2b273ea58c7f01f7f509bc8a93c847f7a574"}]}