{"is_source_file": false, "format": "", "description": "", "external_files": [], "external_methods": [], "published": [], "classes": [], "methods": [], "calls": [], "search-terms": [], "state": 2, "file_id": 9, "knowledge_revision": 18, "git_revision": "6b2a2b273ea58c7f01f7f509bc8a93c847f7a574", "hash": "be6538e7523bc2e9da0743133d784136", "format-version": 4, "code-base-name": "hotel_frontend", "filename": "hotel_frontend/eslint.config.mjs", "revision_history": [{"18": "6b2a2b273ea58c7f01f7f509bc8a93c847f7a574"}]}