{"is_source_file": true, "file_id": 14, "git_revision": "", "state": 1, "description": "", "external_files": [], "external_methods": [], "published": [], "classes": [], "methods": [], "calls": [], "search-terms": [], "ctags": [{"_type": "tag", "name": "Navbar", "path": "/home/kavia/workspace/code-generation/hotel-search-and-booking-platform-320145-320156/hotel_frontend/src/components/Navbar.js", "pattern": "/^export function Navbar({ title, children }) {$/", "language": "JavaScript", "kind": "function", "signature": "({ title, children })"}], "format": "JavaScript", "hash": "1f1eb1c7746e62b27ec756ee531a8f59", "format-version": 4, "code-base-name": "hotel_frontend", "filename": "hotel_frontend/src/components/Navbar.js", "knowledge_revision": 27}