{"is_source_file": false, "format": "", "description": "", "external_files": [], "external_methods": [], "published": [], "classes": [], "methods": [], "calls": [], "search-terms": [], "state": 2, "file_id": 2, "knowledge_revision": 14, "git_revision": "6b2a2b273ea58c7f01f7f509bc8a93c847f7a574", "hash": "ebece526bc2eadd78ddd787a76c56607", "format-version": 4, "code-base-name": "hotel_frontend", "filename": "hotel_frontend/README.md", "revision_history": [{"14": "6b2a2b273ea58c7f01f7f509bc8a93c847f7a574"}]}