{"is_source_file": true, "file_id": 15, "git_revision": "", "state": 1, "description": "", "external_files": [], "external_methods": [], "published": [], "classes": [], "methods": [], "calls": [], "search-terms": [], "ctags": [{"_type": "tag", "name": "HotelCard", "path": "/home/kavia/workspace/code-generation/hotel-search-and-booking-platform-320145-320156/hotel_frontend/src/components/HotelCard.js", "pattern": "/^export function HotelCard({ hotel, onSelect }) {$/", "language": "JavaScript", "kind": "function", "signature": "({ hotel, onSelect })"}, {"_type": "tag", "name": "name}", "path": "/home/kavia/workspace/code-generation/hotel-search-and-booking-platform-320145-320156/hotel_frontend/src/components/HotelCard.js", "pattern": "/^      aria-label={`View details for ${hotel.name}`}$/", "language": "JavaScript", "kind": "field", "scope": "HotelCard.aria.View details for ${hotel", "scopeKind": "class"}], "format": "JavaScript", "hash": "b8c4930eb3cbeef9eadafc979de82882", "format-version": 4, "code-base-name": "hotel_frontend", "filename": "hotel_frontend/src/components/HotelCard.js", "knowledge_revision": 28}