{"is_source_file": false, "format": "", "description": "", "external_files": [], "external_methods": [], "published": [], "classes": [], "methods": [], "calls": [], "search-terms": [], "state": 2, "file_id": 7, "knowledge_revision": 30, "git_revision": "ba505a3bf5c8908bf4a21d63068279a17b8b6612", "revision_history": [{"19": "6b2a2b273ea58c7f01f7f509bc8a93c847f7a574"}, {"30": "ba505a3bf5c8908bf4a21d63068279a17b8b6612"}], "hash": "61757a115d47955c7c5694156aef3247", "format-version": 4, "code-base-name": "hotel_frontend", "filename": "hotel_frontend/src/App.css"}