{"is_source_file": true, "format": "JavaScript / JSX", "description": "This is the main React component file for a hotel search and booking platform frontend. It manages application state, handles user interactions, performs API calls for hotel search and details, and renders the user interface including filters, results, hotel details, and booking modal.", "external_files": ["./api/client", "./components/Navbar", "./components/HotelCard", "./components/BookingModal", "./App.css"], "external_methods": ["healthCheck", "searchHotels", "getHotelById"], "published": [], "classes": [], "methods": [{"name": "normalizeResults(data)", "description": "Normalizes API response data to extract the list of hotel results regardless of the data structure.", "scope": "", "scopeKind": ""}, {"name": "App()", "description": "Main React functional component that encompasses the entire hotel search and booking application's UI and logic.", "scope": "", "scopeKind": ""}, {"name": "toggleTheme", "description": "Toggles between light and dark themes for the application UI."}, {"name": "runSearch(e)", "description": "Handles the hotel search form submission, initiates API call to search hotels with current filters, and updates results state.", "scope": "App", "scopeKind": "function"}, {"name": "selectHotel(hotelId)", "description": "Fetches detailed information of a selected hotel by ID and updates the state to display hotel details.", "scope": "App", "scopeKind": "function"}, {"name": "toggleAmenity(a)", "description": "Toggles selection of a particular amenity filter.", "scope": "App", "scopeKind": "function"}], "calls": ["healthCheck", "searchHotels", "getHotelById", "window.scrollTo"], "search-terms": ["React main component", "hotel search filters", "hotel details display", "API health check", "hotel search", "hotel info", "booking modal", "hotel amenities", "theme toggle"], "state": 2, "file_id": 8, "knowledge_revision": 33, "git_revision": "ba505a3bf5c8908bf4a21d63068279a17b8b6612", "revision_history": [{"25": "6b2a2b273ea58c7f01f7f509bc8a93c847f7a574"}, {"33": "ba505a3bf5c8908bf4a21d63068279a17b8b6612"}], "ctags": [{"_type": "tag", "name": "0", "path": "/home/kavia/workspace/code-generation/hotel-search-and-booking-platform-320145-320156/hotel_frontend/src/App.js", "pattern": "/^                  min={0}$/", "language": "JavaScript", "kind": "field", "scope": "App.min", "scopeKind": "class"}, {"_type": "tag", "name": "AMENITIES", "path": "/home/kavia/workspace/code-generation/hotel-search-and-booking-platform-320145-320156/hotel_frontend/src/App.js", "pattern": "/^const AMENITIES = [\"Free Wi\u2011Fi\", \"Pool\", \"Breakfast\", \"Gym\", \"Parking\", \"Pet Friendly\", \"Kitch/", "language": "JavaScript", "kind": "constant"}, {"_type": "tag", "name": "App", "path": "/home/kavia/workspace/code-generation/hotel-search-and-booking-platform-320145-320156/hotel_frontend/src/App.js", "pattern": "/^function App() {$/", "language": "JavaScript", "kind": "function", "signature": "()"}, {"_type": "tag", "name": "Switch to ${theme === \"light\" ? \"dark\" : \"light\"} mode", "path": "/home/kavia/workspace/code-generation/hotel-search-and-booking-platform-320145-320156/hotel_frontend/src/App.js", "pattern": "/^            aria-label={`Switch to ${theme === \"light\" ? \"dark\" : \"light\"} mode`}$/", "language": "JavaScript", "kind": "field", "scope": "App.aria", "scopeKind": "class"}, {"_type": "tag", "name": "bookingOpen", "path": "/home/kavia/workspace/code-generation/hotel-search-and-booking-platform-320145-320156/hotel_frontend/src/App.js", "pattern": "/^        open={bookingOpen}$/", "language": "JavaScript", "kind": "field", "scope": "App.open", "scopeKind": "class"}, {"_type": "tag", "name": "filters", "path": "/home/kavia/workspace/code-generation/hotel-search-and-booking-platform-320145-320156/hotel_frontend/src/App.js", "pattern": "/^                  value={filters.checkIn}$/", "language": "JavaScript", "kind": "field", "scope": "App.value", "scopeKind": "class"}, {"_type": "tag", "name": "filters", "path": "/home/kavia/workspace/code-generation/hotel-search-and-booking-platform-320145-320156/hotel_frontend/src/App.js", "pattern": "/^                  value={filters.checkOut}$/", "language": "JavaScript", "kind": "field", "scope": "App.value", "scopeKind": "class"}, {"_type": "tag", "name": "filters", "path": "/home/kavia/workspace/code-generation/hotel-search-and-booking-platform-320145-320156/hotel_frontend/src/App.js", "pattern": "/^                  value={filters.maxPrice}$/", "language": "JavaScript", "kind": "field", "scope": "App.value", "scopeKind": "class"}, {"_type": "tag", "name": "filters", "path": "/home/kavia/workspace/code-generation/hotel-search-and-booking-platform-320145-320156/hotel_frontend/src/App.js", "pattern": "/^                  value={filters.minPrice}$/", "language": "JavaScript", "kind": "field", "scope": "App.value", "scopeKind": "class"}, {"_type": "tag", "name": "filters", "path": "/home/kavia/workspace/code-generation/hotel-search-and-booking-platform-320145-320156/hotel_frontend/src/App.js", "pattern": "/^                value={filters.q}$/", "language": "JavaScript", "kind": "field", "scope": "App.value", "scopeKind": "class"}, {"_type": "tag", "name": "filters", "path": "/home/kavia/workspace/code-generation/hotel-search-and-booking-platform-320145-320156/hotel_frontend/src/App.js", "pattern": "/^        initialSearch={filters}$/", "language": "JavaScript", "kind": "field", "scope": "App.initialSearch", "scopeKind": "class"}, {"_type": "tag", "name": "normalizeResults", "path": "/home/kavia/workspace/code-generation/hotel-search-and-booking-platform-320145-320156/hotel_frontend/src/App.js", "pattern": "/^function normalizeResults(data) {$/", "language": "JavaScript", "kind": "function", "signature": "(data)"}, {"_type": "tag", "name": "runSearch", "path": "/home/kavia/workspace/code-generation/hotel-search-and-booking-platform-320145-320156/hotel_frontend/src/App.js", "pattern": "/^  async function runSearch(e) {$/", "language": "JavaScript", "kind": "function", "signature": "(e)", "scope": "App", "scopeKind": "function"}, {"_type": "tag", "name": "selectHotel", "path": "/home/kavia/workspace/code-generation/hotel-search-and-booking-platform-320145-320156/hotel_frontend/src/App.js", "pattern": "/^  async function selectHotel(hotelId) {$/", "language": "JavaScript", "kind": "function", "signature": "(hotelId)", "scope": "App", "scopeKind": "function"}, {"_type": "tag", "name": "selectedHotel", "path": "/home/kavia/workspace/code-generation/hotel-search-and-booking-platform-320145-320156/hotel_frontend/src/App.js", "pattern": "/^        hotel={selectedHotel}$/", "language": "JavaScript", "kind": "field", "scope": "App.hotel", "scopeKind": "class"}, {"_type": "tag", "name": "state === \"ok\" ? \"badge--ok\" : \"badge--warn\"}", "path": "/home/kavia/workspace/code-generation/hotel-search-and-booking-platform-320145-320156/hotel_frontend/src/App.js", "pattern": "/^            className={`badge ${apiStatus.state === \"ok\" ? \"badge--ok\" : \"badge--warn\"}`}$/", "language": "JavaScript", "kind": "field", "scope": "App.className.badge ${apiStatus", "scopeKind": "class"}, {"_type": "tag", "name": "toggleAmenity", "path": "/home/kavia/workspace/code-generation/hotel-search-and-booking-platform-320145-320156/hotel_frontend/src/App.js", "pattern": "/^  function toggleAmenity(a) {$/", "language": "JavaScript", "kind": "function", "signature": "(a)", "scope": "App", "scopeKind": "function"}, {"_type": "tag", "name": "toggleTheme", "path": "/home/kavia/workspace/code-generation/hotel-search-and-booking-platform-320145-320156/hotel_frontend/src/App.js", "pattern": "/^            onClick={toggleTheme}$/", "language": "JavaScript", "kind": "field", "scope": "App.onClick", "scopeKind": "class"}], "hash": "13c4db8c81c5d92e1b9719753a4758fb", "format-version": 4, "code-base-name": "hotel_frontend", "filename": "hotel_frontend/src/App.js", "fields": [{"name": "min={0}", "scope": "App.min", "scopeKind": "class", "description": "unavailable"}, {"name": "aria-label={`Switch to ${theme === \"light\" ? \"dark\" : \"light\"} mode`}", "scope": "App.aria", "scopeKind": "class", "description": "unavailable"}, {"name": "open={bookingOpen}", "scope": "App.open", "scopeKind": "class", "description": "unavailable"}, {"name": "value={filters.checkIn}", "scope": "App.value", "scopeKind": "class", "description": "unavailable"}, {"name": "value={filters.checkOut}", "scope": "App.value", "scopeKind": "class", "description": "unavailable"}, {"name": "value={filters.maxPrice}", "scope": "App.value", "scopeKind": "class", "description": "unavailable"}, {"name": "value={filters.minPrice}", "scope": "App.value", "scopeKind": "class", "description": "unavailable"}, {"name": "value={filters.q}", "scope": "App.value", "scopeKind": "class", "description": "unavailable"}, {"name": "initialSearch={filters}", "scope": "App.initialSearch", "scopeKind": "class", "description": "unavailable"}, {"name": "hotel={selectedHotel}", "scope": "App.hotel", "scopeKind": "class", "description": "unavailable"}, {"name": "className={`badge ${apiStatus.state === \"ok\" ? \"badge--ok\" : \"badge--warn\"}`}", "scope": "App.className.badge ${apiStatus", "scopeKind": "class", "description": "unavailable"}, {"name": "onClick={toggleTheme}", "scope": "App.onClick", "scopeKind": "class", "description": "unavailable"}]}