{"is_source_file": false, "format": "", "description": "", "external_files": [], "external_methods": [], "published": [], "classes": [], "methods": [], "calls": [], "search-terms": [], "state": 2, "file_id": 16, "knowledge_revision": 31, "git_revision": "ba505a3bf5c8908bf4a21d63068279a17b8b6612", "hash": "61ef14a9780590487a39b4e28c74e95a", "format-version": 4, "code-base-name": "hotel_frontend", "filename": "interfaces/hotel_backend_openapi.json", "revision_history": [{"31": "ba505a3bf5c8908bf4a21d63068279a17b8b6612"}]}